{
  "Workflows": [
    {
      "Path": null,
      "SortBy": 0,
      "VariablesSectionElementsOrder": [],
      "ArgumentsSectionElementsOrder": null,
      "ConstantsSectionElementsOrder": [],
      "AddedNamespaces": null
    },
    {
      "Path": "Main.xaml",
      "SortBy": 0,
      "VariablesSectionElementsOrder": [
        "TransactionItem&StateMachine_1",
        "SystemException&StateMachine_1",
        "BusinessException&StateMachine_1",
        "TransactionNumber&StateMachine_1",
        "Config&StateMachine_1",
        "RetryNumber&StateMachine_1",
        "TransactionField2&StateMachine_1",
        "TransactionField1&StateMachine_1",
        "TransactionID&StateMachine_1",
        "dt_TransactionData&StateMachine_1",
        "ConsecutiveSystemExceptions&StateMachine_1",
        "ShouldStop&Sequence_25"
      ],
      "ArgumentsSectionElementsOrder": [
        "in_OrchestratorQueueName",
        "in_OrchestratorQueueFolder"
      ],
      "ConstantsSectionElementsOrder": [],
      "AddedNamespaces": null
    },
    {
      "Path": "Jobs/01_ACME_Login.xaml",
      "SortBy": 0,
      "VariablesSectionElementsOrder": [
        "strPW&Sequence_1",
        "strEmail&Sequence_1",
        "bl로그인문구&Sequence_3"
      ],
      "ArgumentsSectionElementsOrder": [],
      "ConstantsSectionElementsOrder": [],
      "AddedNamespaces": null
    },
    {
      "Path": "Jobs/02_ACME_WI진입.xaml",
      "SortBy": 0,
      "VariablesSectionElementsOrder": [],
      "ArgumentsSectionElementsOrder": [],
      "ConstantsSectionElementsOrder": [],
      "AddedNamespaces": null
    },
    {
      "Path": "Jobs/03_ACME_WI_전체DT추출.xaml",
      "SortBy": 0,
      "VariablesSectionElementsOrder": [
        "ExtractDataTable&Sequence_1",
        "arr새컬럼&Sequence_8",
        "dtWorkItems&Sequence_1"
      ],
      "ArgumentsSectionElementsOrder": [],
      "ConstantsSectionElementsOrder": [],
      "AddedNamespaces": null
    },
    {
      "Path": "Jobs/04_ACME_Client정보추출.xaml",
      "SortBy": 0,
      "VariablesSectionElementsOrder": [
        "listInfo&Sequence_3",
        "strClientCountry&Sequence_3",
        "strClientName&Sequence_3",
        "strClientID&Sequence_3",
        "strAccountInfo&Sequence_3",
        "dtWorkItems&Sequence_1"
      ],
      "ArgumentsSectionElementsOrder": [],
      "ConstantsSectionElementsOrder": [],
      "AddedNamespaces": null
    },
    {
      "Path": "Jobs/05_SHA1_Hash수집.xaml",
      "SortBy": 0,
      "VariablesSectionElementsOrder": [
        "strSHA&Sequence_3",
        "strSearch&Sequence_4",
        "dtWorkItems&Sequence_1"
      ],
      "ArgumentsSectionElementsOrder": [],
      "ConstantsSectionElementsOrder": [],
      "AddedNamespaces": null
    },
    {
      "Path": "Test.xaml",
      "SortBy": 0,
      "VariablesSectionElementsOrder": [
        "listInfo&Sequence_1",
        "strAccountInfo&Sequence_1"
      ],
      "ArgumentsSectionElementsOrder": [],
      "ConstantsSectionElementsOrder": [],
      "AddedNamespaces": null
    },
    {
      "Path": "Jobs/06_ACME_UpdateWorkItem.xaml",
      "SortBy": 0,
      "VariablesSectionElementsOrder": [
        "dtWorkItems&Sequence_1",
        "strAccountInfo&Sequence_2",
        "strClientID&Sequence_2",
        "strClientName&Sequence_2",
        "strClientCountry&Sequence_2",
        "listInfo&Sequence_2"
      ],
      "ArgumentsSectionElementsOrder": [],
      "ConstantsSectionElementsOrder": [],
      "AddedNamespaces": null
    }
  ]
}